id,plate,year,odometer,category,sub,location_base,location_now,type,booking,hr_cost,min_hrs_cost,fastag,added,photo_url,body,fuel,transmission,seats
78,KL07DH8402,2025,"20,932",Crysta N/M Diesel MT,—,JLN stadium,adoor (Custom),Car,Hourly (Min),₹158,"₹3,800",₹926.00,04 Jul 2026,https://master.therentos.com/uploads/1788424210_Crysta.png,Suv,Diesel,MANUAL,7
77,KL07DF6248,2025,"33,650",Ertiga Petrol MT 2025,—,JLN stadium,,Car,Hourly (Min),₹117,"₹2,800",₹100.00,04 Jul 2026,https://master.therentos.com/uploads/1788424126_Ertiga.png,Suv,Petrol,MANUAL,7
76,KL 07 DK 3102,2025,"6,976",WagonR Petrol MT,—,JLN stadium,,Car,Hourly (Min),₹63,"₹1,500",₹95.00,29 Jun 2026,https://master.therentos.com/uploads/1788423574_wagonr.png,Hatchback,Petrol,MANUAL,5
75,KL07DD8502,2024,"52,440",Alto K10 PETROL MT,—,JLN stadium,Kochi Airport (Pickup),Car,Hourly (Min),₹50,"₹1,200",₹95.00,05 Jun 2026,https://master.therentos.com/uploads/1788423757_Alto K10.png,Hatchback,Petrol,MANUAL,5
74,KL07DB5088,2023,0,WagonR Petrol MT,—,Varkala Branch,,Car,Hourly (Min),₹63,"₹1,500",₹0.00,05 Jun 2026,https://master.therentos.com/uploads/1788423574_wagonr.png,Hatchback,Petrol,MANUAL,5
73,KL07DF5574,2025,0,WagonR Petrol AMT,—,Varkala Branch,,Car,Hourly (Min),₹67,"₹1,600",₹0.00,05 Jun 2026,https://master.therentos.com/uploads/1788423913_wagonr.png,Hatchback,Petrol,AUTOMATIC,5
72,KL07DF4942,2025,"28,174",Grand i10 Petrol AMT,—,JLN stadium,,Car,Hourly (Min),₹67,"₹1,600",₹100.00,05 Jun 2026,https://master.therentos.com/uploads/1788423932_i10.png,Hatchback,Petrol,AUTOMATIC,5
71,KL07DD8256,2025,"41,763",Ignis Petrol AMT,—,JLN stadium,,Car,Hourly (Min),₹67,"₹1,600",₹115.00,05 Jun 2026,https://master.therentos.com/uploads/1788424034_ignis.png,Hatchback,Petrol,AUTOMATIC,5
70,KL07CW3212,2021,0,Swift Petrol MT,—,Varkala Branch,,Car,Hourly (Min),₹71,"₹1,700",₹0.00,05 Jun 2026,https://master.therentos.com/uploads/1788423554_swift.png,Hatchback,Petrol,MANUAL,5
69,KL07DB1262,2024,"33,149",Baleno Petrol AMT,—,JLN stadium,,Car,Hourly (Min),₹92,"₹2,200",₹0.00,05 Jun 2026,https://master.therentos.com/uploads/1788423836_Baleno.png,Hatchback,Petrol,AUTOMATIC,5
68,KL07DF9627,2024,"56,526",Ertiga Petrol MT 2025,—,JLN stadium,Kochi Airport (Pickup),Car,Hourly (Min),₹117,"₹2,800",₹200.00,05 Jun 2026,https://master.therentos.com/uploads/1788424126_Ertiga.png,Suv,Petrol,MANUAL,7
67,KL07DE9443,2024,0,Ertiga Petrol AMT,—,JLN stadium,,Car,Hourly (Min),₹125,"₹3,000",₹40.00,05 Jun 2026,https://master.therentos.com/uploads/1788424146_Ertiga.png,Suv,Petrol,AUTOMATIC,7
66,KL07CZ8434,2022,"107,408",Crysta N/M Diesel MT,—,JLN stadium,TVM Airport (Pickup),Car,Hourly (Min),₹146,"₹3,500",₹946.00,05 Jun 2026,https://master.therentos.com/uploads/1788424210_Crysta.png,Suv,Diesel,MANUAL,7
65,KL07DK0995,2026,"8,444",Alto VXI Plus Petrol AMT,—,JLN stadium,EKM Town Rly Stn (Pickup),Car,Hourly (Min),₹58,"₹1,400",₹135.00,05 Jun 2026,https://master.therentos.com/uploads/1788424277_Alto K10.png,Hatchback,Petrol,AUTOMATIC,5
64,KL07DB2947,2023,"102,362",Hycross Petrol AMT,—,JLN stadium,Kochi Airport (Pickup),Car,Hourly (Min),₹167,"₹4,000",₹0.00,29 May 2026,https://master.therentos.com/uploads/1788424247_Hycross NM Petrol AMT.png,Suv,Petrol,AUTOMATIC,7
63,KL07DH9188,2025,0,Hycross N/M Petrol AMT,—,JLN stadium,,Car,Hourly (Min),₹175,"₹4,200",₹0.00,29 May 2026,https://master.therentos.com/uploads/1788424258_Hycross NM Petrol AMT.png,Suv,Petrol,AUTOMATIC,7
62,KL07DB2973,2023,"84,737",Hycross Petrol AMT,—,JLN stadium,Kochi Airport (Pickup),Car,Hourly (Min),₹167,"₹4,000",₹150.00,29 May 2026,https://master.therentos.com/uploads/1788424247_Hycross NM Petrol AMT.png,Suv,Petrol,AUTOMATIC,7
61,KL07CZ7426,2022,"117,535",Crysta Diesel AMT,—,JLN stadium,Kochi Airport (Pickup),Car,Hourly (Min),₹158,"₹3,800",₹100.00,29 May 2026,https://master.therentos.com/uploads/1788424234_Crysta.png,Suv,Diesel,AUTOMATIC,7
60,KL07CZ7165,2022,"109,828",Crysta Diesel AMT,—,JLN stadium,,Car,Hourly (Min),₹158,"₹3,800",₹100.00,29 May 2026,https://master.therentos.com/uploads/1788424234_Crysta.png,Suv,Diesel,AUTOMATIC,7
59,KL07CL6122,2017,"226,720",Crysta Diesel AMT,—,JLN stadium,,Car,Hourly (Min),₹142,"₹3,400",₹0.00,29 May 2026,https://master.therentos.com/uploads/1788424234_Crysta.png,Suv,Diesel,AUTOMATIC,7
58,KL07DH8459,2025,"19,900",Crysta N/M Diesel MT,—,JLN stadium,,Car,Hourly (Min),₹158,"₹3,800","₹1,326.00",29 May 2026,https://master.therentos.com/uploads/1788424210_Crysta.png,Suv,Diesel,MANUAL,7
57,KL07DH8456,2025,"19,762",Crysta N/M Diesel MT,—,JLN stadium,Kochi Airport (Pickup),Car,Hourly (Min),₹158,"₹3,800",₹926.00,29 May 2026,https://master.therentos.com/uploads/1788424210_Crysta.png,Suv,Diesel,MANUAL,7
56,KL07DG1348,2025,"38,313",Crysta N/M Diesel MT,—,JLN stadium,Le  meredian (Custom),Car,Hourly (Min),₹158,"₹3,800",₹230.00,29 May 2026,https://master.therentos.com/uploads/1788424210_Crysta.png,Suv,Diesel,MANUAL,7
55,KL07DH9601,2026,"15,956",Ertiga XL6 Petrol AMT,—,JLN stadium,,Car,Hourly (Min),₹133,"₹3,200",₹375.00,29 May 2026,https://master.therentos.com/uploads/1788424185_xl6.png,Suv,Petrol,AUTOMATIC,7
54,KL07DF5541,2025,"37,909",Ertiga Petrol AMT,—,JLN stadium,,Car,Hourly (Min),₹125,"₹3,000",₹70.00,29 May 2026,https://master.therentos.com/uploads/1788424146_Ertiga.png,Suv,Petrol,AUTOMATIC,7
53,KL07DF6127,2025,"43,448",Ertiga Petrol MT 2025,—,JLN stadium,,Car,Hourly (Min),₹117,"₹2,800",₹510.00,29 May 2026,https://master.therentos.com/uploads/1788424126_Ertiga.png,Suv,Petrol,MANUAL,7
52,KL07DJ2919,2025,"19,855",Creta Diesel AMT,—,JLN stadium,lounge hotel nedubaserry (Custom),Car,Hourly (Min),₹133,"₹3,200",₹70.00,29 May 2026,https://master.therentos.com/uploads/1788424117_creta.png,Suv,Diesel,AUTOMATIC,5
51,KL07DJ2964,2025,"19,900",Creta Diesel AMT,—,JLN stadium,,Car,Hourly (Min),₹133,"₹3,200",₹95.00,29 May 2026,https://master.therentos.com/uploads/1788424117_creta.png,Suv,Diesel,AUTOMATIC,5
50,KL07DF5592,2025,"32,388",Grand Vitara Petrol MT,—,JLN stadium,Kochi Airport (Pickup),Car,Hourly (Min),₹125,"₹3,000",₹110.00,29 May 2026,https://master.therentos.com/uploads/1788424098_vitara.png,Suv,Petrol,MANUAL,5
49,KL07DF5514,2025,"28,608",Grand Vitara Petrol MT,—,JLN stadium,,Car,Hourly (Min),₹125,"₹3,000",₹0.00,29 May 2026,https://master.therentos.com/uploads/1788424098_vitara.png,Suv,Petrol,MANUAL,5
48,KL07CN0656,2018,"149,242",EcoSport Petrol AMT,—,JLN stadium,,Car,Hourly (Min),₹79,"₹1,900",₹100.00,29 May 2026,https://master.therentos.com/uploads/1788424086_ecosport.png,Suv,Petrol,AUTOMATIC,5
47,KL07DC1178,2025,"63,420",Fronx Petrol AMT,—,JLN stadium,Kochi Airport (Pickup),Car,Hourly (Min),₹96,"₹2,300",₹130.00,28 May 2026,https://master.therentos.com/uploads/1788424070_fronx.png,Suv,Petrol,AUTOMATIC,5
46,KL07DF5531,2025,"38,165",Fronx Petrol AMT,—,JLN stadium,nettoor (Custom),Car,Hourly (Min),₹96,"₹2,300",₹130.00,28 May 2026,https://master.therentos.com/uploads/1788424070_fronx.png,Suv,Petrol,AUTOMATIC,5
45,KL07DF5491,2025,0,Fronx Petrol MT,—,JLN stadium,Kochi Airport (Pickup),Car,Hourly (Min),₹92,"₹2,200",₹100.00,28 May 2026,https://master.therentos.com/uploads/1788424056_fronx.png,Suv,Petrol,MANUAL,5
44,KL07DF5539,2025,"38,074",Fronx Petrol MT,—,JLN stadium,,Car,Hourly (Min),₹92,"₹2,200",₹0.00,28 May 2026,https://master.therentos.com/uploads/1788424056_fronx.png,Suv,Petrol,MANUAL,5
43,KL07DJ5375,2025,"17,711",Exter Petrol AMT,—,JLN stadium,Kochi Airport (Pickup),Car,Hourly (Min),₹75,"₹1,800",₹150.00,28 May 2026,https://master.therentos.com/uploads/1788424046_Exter.png,Suv,Petrol,AUTOMATIC,5
42,KL07DJ5476,2025,"16,932",Exter Petrol AMT,—,JLN stadium,,Car,Hourly (Min),₹75,"₹1,800",₹10.00,28 May 2026,https://master.therentos.com/uploads/1788424046_Exter.png,Suv,Petrol,AUTOMATIC,5
41,KL07DD8202,2025,"46,397",Ignis Petrol AMT,—,JLN stadium,Kochi Airport (Pickup),Car,Hourly (Min),₹67,"₹1,600",₹115.00,28 May 2026,https://master.therentos.com/uploads/1788424034_ignis.png,Hatchback,Petrol,AUTOMATIC,5
40,KL07DF7940,2025,"34,889",Ignis Petrol AMT,—,JLN stadium,Kochi Airport (Pickup),Car,Hourly (Min),₹67,"₹1,600",₹17.00,28 May 2026,https://master.therentos.com/uploads/1788424034_ignis.png,Hatchback,Petrol,AUTOMATIC,5
39,KL07DF7957,2025,0,Ignis Petrol MT,—,JLN stadium,Kochi Airport (Pickup),Car,Hourly (Min),₹63,"₹1,500",₹30.00,28 May 2026,https://master.therentos.com/uploads/1788424023_ignis.png,Hatchback,Petrol,MANUAL,5
38,KL07DF7910,2025,"39,086",Ignis Petrol MT,—,JLN stadium,Kochi Airport (Pickup),Car,Hourly (Min),₹63,"₹1,500",₹6.00,28 May 2026,https://master.therentos.com/uploads/1788424023_ignis.png,Hatchback,Petrol,MANUAL,5
37,KL07DF5518,2025,"36,257",S Presso Petrol AMT,—,JLN stadium,,Car,Hourly (Min),₹54,"₹1,300",₹100.00,28 May 2026,https://master.therentos.com/uploads/1788423796_spresso.png,Hatchback,Petrol,AUTOMATIC,5
36,KL07DF5526,2025,"38,395",S Presso Petrol AMT,—,JLN stadium,,Car,Hourly (Min),₹54,"₹1,300",₹100.00,28 May 2026,https://master.therentos.com/uploads/1788423796_spresso.png,Hatchback,Petrol,AUTOMATIC,5
35,KL07DF5013,2025,"39,722",Grand i10 Petrol AMT,—,JLN stadium,,Car,Hourly (Min),₹67,"₹1,600",₹295.00,28 May 2026,https://master.therentos.com/uploads/1788423932_i10.png,Hatchback,Petrol,AUTOMATIC,5
34,KL07DF4831,,0,Grand i10 Petrol MT,—,JLN stadium,,Car,Hourly (Min),₹63,"₹1,500",₹25.00,28 May 2026,https://master.therentos.com/uploads/1788423747_i10.png,Hatchback,Petrol,MANUAL,5
33,KL07DF5075,,0,Grand i10 Petrol MT,—,JLN stadium,EKM Jn. Rly Stn (Pickup),Car,Hourly (Min),₹63,"₹1,500",₹106.00,28 May 2026,https://master.therentos.com/uploads/1788423747_i10.png,Hatchback,Petrol,MANUAL,5
32,KL07DE0288,2024,"38,897",WagonR Petrol AMT,—,JLN stadium,Edapally Lulu (Pickup),Car,Hourly (Min),₹67,"₹1,600",₹100.00,28 May 2026,https://master.therentos.com/uploads/1788423913_wagonr.png,Hatchback,Petrol,AUTOMATIC,5
31,KL07DE1280,2024,0,WagonR Petrol AMT,—,JLN stadium,,Car,Hourly (Min),₹67,"₹1,600",₹130.00,28 May 2026,https://master.therentos.com/uploads/1788423913_wagonr.png,Hatchback,Petrol,AUTOMATIC,5
30,KL07DF5582,2025,"45,763",WagonR Petrol MT,—,JLN stadium,,Car,Hourly (Min),₹63,"₹1,500",₹100.00,28 May 2026,https://master.therentos.com/uploads/1788423574_wagonr.png,Hatchback,Petrol,MANUAL,5
29,KL07DF5436,2025,"45,781",WagonR Petrol MT,—,JLN stadium,,Car,Hourly (Min),₹63,"₹1,500",₹135.00,28 May 2026,https://master.therentos.com/uploads/1788423574_wagonr.png,Hatchback,Petrol,MANUAL,5
28,KL07CQ8895,2019,0,WagonR Petrol MT,—,JLN stadium,,Car,Hourly (Min),₹58,"₹1,400",₹165.00,28 May 2026,https://master.therentos.com/uploads/1788423574_wagonr.png,Hatchback,Petrol,MANUAL,5
27,KL07CT4013,2019,"132,718",WagonR Petrol MT,—,JLN stadium,,Car,Hourly (Min),₹58,"₹1,400",₹50.00,28 May 2026,https://master.therentos.com/uploads/1788423574_wagonr.png,Hatchback,Petrol,MANUAL,5
26,KL07DK0539,2026,"8,014",Dezire Petrol AMT,—,JLN stadium,Trivandrum Airport (Custom),Car,Hourly (Min),₹83,"₹2,000",₹400.00,28 May 2026,https://master.therentos.com/uploads/1788423707_dzire.png,Sedan,Petrol,AUTOMATIC,5
25,KL07DK0536,2026,"9,828",Dezire Petrol AMT,—,JLN stadium,cochin airport (Custom),Car,Hourly (Min),₹83,"₹2,000",₹101.00,28 May 2026,https://master.therentos.com/uploads/1788423707_dzire.png,Sedan,Petrol,AUTOMATIC,5
24,KL07CY7219,2022,"86,169",Brezza Petrol AMT,—,JLN stadium,Kochi Airport (Pickup),Car,Hourly (Min),₹104,"₹2,500",₹1.00,28 May 2026,https://master.therentos.com/uploads/1788423847_Brezza.png,Suv,Petrol,AUTOMATIC,5
23,KL07DE0439,2024,"47,047",Brezza Petrol MT,—,JLN stadium,,Car,Hourly (Min),₹113,"₹2,700",₹75.00,28 May 2026,https://master.therentos.com/uploads/1788423695_Brezza.png,Suv,Petrol,MANUAL,5
22,KL07DE0435,2024,"37,342",Brezza Petrol MT,—,JLN stadium,,Car,Hourly (Min),₹113,"₹2,700",₹215.00,28 May 2026,https://master.therentos.com/uploads/1788423695_Brezza.png,Suv,Petrol,MANUAL,5
21,KL07DF5512,2025,"28,079",Baleno Petrol AMT,—,JLN stadium,,Car,Hourly (Min),₹92,"₹2,200",₹30.00,28 May 2026,https://master.therentos.com/uploads/1788423836_Baleno.png,Hatchback,Petrol,AUTOMATIC,5
20,KL07DB9370,2023,0,Baleno Petrol AMT,—,JLN stadium,Grand Hyatt (Custom),Car,Hourly (Min),₹92,"₹2,200",₹100.00,28 May 2026,https://master.therentos.com/uploads/1788423836_Baleno.png,Hatchback,Petrol,AUTOMATIC,5
19,KL07DF5579,2025,"35,783",Baleno Petrol AMT,—,JLN stadium,,Car,Hourly (Min),₹92,"₹2,200",₹0.00,28 May 2026,https://master.therentos.com/uploads/1788423836_Baleno.png,Hatchback,Petrol,AUTOMATIC,5
18,KL07DF5486,2025,"34,428",Swift Petrol AMT,—,JLN stadium,,Car,Hourly (Min),₹79,"₹1,900",₹0.00,28 May 2026,https://master.therentos.com/uploads/1788423823_swift.png,Hatchback,Petrol,AUTOMATIC,5
17,KL07DD9163,2024,"40,271",Swift Petrol AMT,—,JLN stadium,,Car,Hourly (Min),₹79,"₹1,900",₹100.00,28 May 2026,https://master.therentos.com/uploads/1788423823_swift.png,Hatchback,Petrol,AUTOMATIC,5
16,KL07DD9113,2024,0,Swift Petrol AMT,—,JLN stadium,,Car,Hourly (Min),₹79,"₹1,900",₹100.00,28 May 2026,https://master.therentos.com/uploads/1788423823_swift.png,Hatchback,Petrol,AUTOMATIC,5
15,KL07DC4943,2023,0,Swift Petrol AMT,—,Varkala Branch,,Car,Hourly (Min),₹79,"₹1,900",₹0.00,28 May 2026,https://master.therentos.com/uploads/1788423823_swift.png,Hatchback,Petrol,AUTOMATIC,5
14,KL07DF5428,2025,"41,545",Swift Petrol AMT,—,JLN stadium,,Car,Hourly (Min),₹79,"₹1,900",₹0.00,28 May 2026,https://master.therentos.com/uploads/1788423823_swift.png,Hatchback,Petrol,AUTOMATIC,5
13,KL07DF5597,2025,"31,494",Baleno Petrol MT,—,JLN stadium,,Car,Hourly (Min),₹83,"₹2,000",₹0.00,28 May 2026,https://master.therentos.com/uploads/1788423645_Baleno.png,Hatchback,Petrol,MANUAL,5
12,KL07DF5536,2025,"37,713",Baleno Petrol MT,—,JLN stadium,Grand Hyaat (Custom),Car,Hourly (Min),₹83,"₹2,000",₹100.00,28 May 2026,https://master.therentos.com/uploads/1788423645_Baleno.png,Hatchback,Petrol,MANUAL,5
11,KL07DF5542,2025,"41,763",Baleno Petrol MT,—,JLN stadium,,Car,Hourly (Min),₹83,"₹2,000",₹50.00,28 May 2026,https://master.therentos.com/uploads/1788423645_Baleno.png,Hatchback,Petrol,MANUAL,5
10,KL07DF5426,2025,"39,999",Swift Petrol MT,—,JLN stadium,Kochi Airport (Pickup),Car,Hourly (Min),₹71,"₹1,700",₹100.00,28 May 2026,https://master.therentos.com/uploads/1788423554_swift.png,Hatchback,Petrol,MANUAL,5
9,KL07DF5564,2025,"47,521",Swift Petrol MT,—,JLN stadium,,Car,Hourly (Min),₹71,"₹1,700",₹430.00,28 May 2026,https://master.therentos.com/uploads/1788423554_swift.png,Hatchback,Petrol,MANUAL,5
8,KL07DK0992,2025,"6,968",Celerio Petrol AMT,—,JLN stadium,EKM Jn. Rly Stn (Pickup),Car,Hourly (Min),₹67,"₹1,600",₹115.00,28 May 2026,https://master.therentos.com/uploads/1788423810_celerio.png,Hatchback,Petrol,AUTOMATIC,5
7,KL07DF5439,2025,"29,797",Celerio Petrol AMT,—,JLN stadium,,Car,Hourly (Min),₹67,"₹1,600",₹100.00,28 May 2026,https://master.therentos.com/uploads/1788423810_celerio.png,Hatchback,Petrol,AUTOMATIC,5
6,KL07DF5506,2025,0,Celerio Petrol AMT,—,JLN stadium,,Car,Hourly (Min),₹67,"₹1,600",₹100.00,28 May 2026,https://master.therentos.com/uploads/1788423810_celerio.png,Hatchback,Petrol,AUTOMATIC,5
5,KL07DF5766,2025,"35,681",Celerio Petrol MT,—,JLN stadium,,Car,Hourly (Min),₹63,"₹1,500",₹270.00,28 May 2026,https://master.therentos.com/uploads/1788423662_celerio.png,Hatchback,Petrol,MANUAL,5
4,KL07DF5532,2025,"44,499",Celerio Petrol MT,—,JLN stadium,,Car,Hourly (Min),₹63,"₹1,500",₹115.00,28 May 2026,https://master.therentos.com/uploads/1788423662_celerio.png,Hatchback,Petrol,MANUAL,5
3,KL07DK0994,2026,"9,999",Alto K10 PETROL AMT,—,JLN stadium,Kochi Airport (Pickup),Car,Hourly (Min),₹54,"₹1,300",₹225.00,28 May 2026,https://master.therentos.com/uploads/1788423769_Alto K10.png,Hatchback,Petrol,AUTOMATIC,5
2,KL07DD8546,2024,0,Alto K10 PETROL MT,—,JLN stadium,,Car,Hourly (Min),₹50,"₹1,200",₹125.00,28 May 2026,https://master.therentos.com/uploads/1788423757_Alto K10.png,Hatchback,Petrol,MANUAL,5
1,KL07DD8525,2024,0,Alto K10 PETROL MT,—,JLN stadium,,Car,Hourly (Min),₹50,"₹1,200",₹305.00,28 May 2026,https://master.therentos.com/uploads/1788423757_Alto K10.png,Hatchback,Petrol,MANUAL,5
